start_basic_block,end_basic_block,num_basic_blocks,instructions,stack_ops,arithmetic_ops,logical_ops,function_calls,branches,direct_jumps,indirect_jumps,syscalls,r_type,i_type,s_type,u_type,b_type,j_type,total_time
16250,143d8,8.0,20.0,4.0,4.0,1.0,0.0,3.0,2.0,3.0,0.0,1.0,13.0,1.0,0.0,3.0,2.0,17853.0
16250,1628c,7.0,16.0,4.0,2.0,0.0,0.0,2.0,2.0,3.0,0.0,0.0,11.0,1.0,0.0,2.0,2.0,17657.0
16250,13718,6.0,9.0,0.0,0.0,0.0,0.0,2.0,2.0,2.0,0.0,0.0,4.0,1.0,0.0,2.0,2.0,17457.0
16250,16280,3.0,5.0,0.0,0.0,0.0,0.0,2.0,1.0,0.0,0.0,0.0,2.0,0.0,0.0,2.0,1.0,16857.0
16250,13714,4.0,6.0,0.0,0.0,0.0,0.0,2.0,1.0,1.0,0.0,0.0,3.0,0.0,0.0,2.0,1.0,17085.0
16250,1626c,2.0,4.0,0.0,0.0,0.0,0.0,2.0,0.0,0.0,0.0,0.0,2.0,0.0,0.0,2.0,0.0,16679.0
16250,16284,5.0,8.0,0.0,0.0,0.0,0.0,2.0,2.0,1.0,0.0,0.0,3.0,1.0,0.0,2.0,2.0,17314.0
1628c,143d8,2.0,11.0,4.0,4.0,1.0,0.0,1.0,0.0,1.0,0.0,1.0,9.0,0.0,0.0,1.0,0.0,396.0
13718,143d8,3.0,12.0,4.0,4.0,1.0,0.0,1.0,0.0,2.0,0.0,1.0,10.0,0.0,0.0,1.0,0.0,539.0
13718,1628c,2.0,8.0,4.0,2.0,0.0,0.0,0.0,0.0,2.0,0.0,0.0,8.0,0.0,0.0,0.0,0.0,343.0
16280,143d8,6.0,16.0,4.0,4.0,1.0,0.0,1.0,2.0,3.0,0.0,1.0,11.0,1.0,0.0,1.0,2.0,1174.0
16280,1628c,5.0,12.0,4.0,2.0,0.0,0.0,0.0,2.0,3.0,0.0,0.0,9.0,1.0,0.0,0.0,2.0,978.0
16280,13718,4.0,5.0,0.0,0.0,0.0,0.0,0.0,2.0,2.0,0.0,0.0,2.0,1.0,0.0,0.0,2.0,778.0
16280,13714,2.0,2.0,0.0,0.0,0.0,0.0,0.0,1.0,1.0,0.0,0.0,1.0,0.0,0.0,0.0,1.0,406.0
16280,16284,3.0,4.0,0.0,0.0,0.0,0.0,0.0,2.0,1.0,0.0,0.0,1.0,1.0,0.0,0.0,2.0,635.0
13714,143d8,5.0,15.0,4.0,4.0,1.0,0.0,1.0,1.0,3.0,0.0,1.0,11.0,1.0,0.0,1.0,1.0,996.0
13714,1628c,4.0,11.0,4.0,2.0,0.0,0.0,0.0,1.0,3.0,0.0,0.0,9.0,1.0,0.0,0.0,1.0,800.0
13714,13718,3.0,4.0,0.0,0.0,0.0,0.0,0.0,1.0,2.0,0.0,0.0,2.0,1.0,0.0,0.0,1.0,600.0
13714,16284,2.0,3.0,0.0,0.0,0.0,0.0,0.0,1.0,1.0,0.0,0.0,1.0,1.0,0.0,0.0,1.0,457.0
16194,16244,3.0,9.0,3.0,1.0,1.0,0.0,2.0,0.0,1.0,0.0,0.0,7.0,0.0,0.0,2.0,0.0,507.99999999999994
16194,16240,2.0,6.0,3.0,1.0,0.0,0.0,1.0,0.0,1.0,0.0,0.0,5.0,0.0,0.0,1.0,0.0,285.99999999999994
16240,16244,2.0,4.0,0.0,0.0,1.0,0.0,2.0,0.0,0.0,0.0,0.0,2.0,0.0,0.0,2.0,0.0,365.0
166a4,16244,5.0,16.0,5.0,4.0,1.0,0.0,3.0,0.0,2.0,0.0,0.0,13.0,0.0,0.0,3.0,0.0,898.0
166a4,16194,3.0,12.0,5.0,4.0,0.0,0.0,1.0,0.0,2.0,0.0,0.0,11.0,0.0,0.0,1.0,0.0,533.0
166a4,16240,4.0,13.0,5.0,4.0,0.0,0.0,2.0,0.0,2.0,0.0,0.0,11.0,0.0,0.0,2.0,0.0,676.0
166a4,1618c,2.0,7.0,2.0,3.0,0.0,0.0,1.0,0.0,1.0,0.0,0.0,6.0,0.0,0.0,1.0,0.0,390.0
1618c,16244,4.0,11.0,3.0,2.0,1.0,0.0,3.0,0.0,1.0,0.0,0.0,8.0,0.0,0.0,3.0,0.0,679.0
1618c,16194,2.0,7.0,3.0,2.0,0.0,0.0,1.0,0.0,1.0,0.0,0.0,6.0,0.0,0.0,1.0,0.0,314.0
1618c,16240,3.0,8.0,3.0,2.0,0.0,0.0,2.0,0.0,1.0,0.0,0.0,6.0,0.0,0.0,2.0,0.0,457.0
16674,16244,6.0,26.0,7.0,11.0,1.0,0.0,3.0,0.0,2.0,1.0,0.0,21.0,2.0,0.0,3.0,0.0,1041.0
16674,16194,4.0,22.0,7.0,11.0,0.0,0.0,1.0,0.0,2.0,1.0,0.0,19.0,2.0,0.0,1.0,0.0,676.0
16674,16240,5.0,23.0,7.0,11.0,0.0,0.0,2.0,0.0,2.0,1.0,0.0,19.0,2.0,0.0,2.0,0.0,819.0
16674,166a4,2.0,15.0,4.0,9.0,0.0,0.0,0.0,0.0,1.0,1.0,0.0,13.0,2.0,0.0,0.0,0.0,362.0
16674,1618c,3.0,17.0,4.0,10.0,0.0,0.0,1.0,0.0,1.0,1.0,0.0,14.0,2.0,0.0,1.0,0.0,533.0
16228,16194,8.0,39.0,10.0,16.0,0.0,1.0,2.0,2.0,3.0,1.0,0.0,28.0,6.0,1.0,2.0,2.0,1859.0
16228,16240,9.0,40.0,10.0,16.0,0.0,1.0,3.0,2.0,3.0,1.0,0.0,28.0,6.0,1.0,3.0,2.0,2002.0
16228,166a4,6.0,32.0,7.0,14.0,0.0,1.0,1.0,2.0,2.0,1.0,0.0,22.0,6.0,1.0,1.0,2.0,1545.0
16228,1618c,7.0,34.0,7.0,15.0,0.0,1.0,2.0,2.0,2.0,1.0,0.0,23.0,6.0,1.0,2.0,2.0,1716.0
16228,16674,5.0,27.0,5.0,12.0,0.0,1.0,1.0,2.0,1.0,1.0,0.0,17.0,6.0,1.0,1.0,2.0,1326.0
16228,16234,2.0,6.0,0.0,2.0,0.0,1.0,1.0,0.0,1.0,0.0,0.0,5.0,0.0,0.0,1.0,0.0,747.0
16228,15c30,3.0,8.0,0.0,2.0,0.0,1.0,1.0,1.0,1.0,0.0,0.0,6.0,0.0,0.0,1.0,1.0,961.0
16228,16168,4.0,17.0,3.0,5.0,0.0,1.0,1.0,2.0,1.0,0.0,0.0,9.0,4.0,1.0,1.0,2.0,1183.0
16234,16244,9.0,40.0,10.0,15.0,1.0,1.0,3.0,2.0,3.0,1.0,0.0,28.0,6.0,1.0,3.0,2.0,1691.0
16234,16194,7.0,36.0,10.0,15.0,0.0,1.0,1.0,2.0,3.0,1.0,0.0,26.0,6.0,1.0,1.0,2.0,1326.0
16234,16240,8.0,37.0,10.0,15.0,0.0,1.0,2.0,2.0,3.0,1.0,0.0,26.0,6.0,1.0,2.0,2.0,1469.0
16234,166a4,5.0,29.0,7.0,13.0,0.0,1.0,0.0,2.0,2.0,1.0,0.0,20.0,6.0,1.0,0.0,2.0,1012.0
16234,1618c,6.0,31.0,7.0,14.0,0.0,1.0,1.0,2.0,2.0,1.0,0.0,21.0,6.0,1.0,1.0,2.0,1183.0
16234,16674,4.0,24.0,5.0,11.0,0.0,1.0,0.0,2.0,1.0,1.0,0.0,15.0,6.0,1.0,0.0,2.0,793.0
16234,15c30,2.0,5.0,0.0,1.0,0.0,1.0,0.0,1.0,1.0,0.0,0.0,4.0,0.0,0.0,0.0,1.0,428.0
16234,16168,3.0,14.0,3.0,4.0,0.0,1.0,0.0,2.0,1.0,0.0,0.0,7.0,4.0,1.0,0.0,2.0,650.0
13138,132dc,3.0,9.0,0.0,1.0,1.0,0.0,2.0,1.0,0.0,0.0,1.0,3.0,1.0,1.0,2.0,1.0,618.0
13138,132d4,2.0,8.0,0.0,1.0,1.0,0.0,2.0,0.0,0.0,0.0,1.0,3.0,1.0,1.0,2.0,0.0,439.0
132d4,132dc,2.0,3.0,0.0,0.0,0.0,0.0,1.0,1.0,0.0,0.0,0.0,1.0,0.0,0.0,1.0,1.0,362.0
161f4,1621c,2.0,5.0,0.0,2.0,0.0,0.0,1.0,1.0,0.0,0.0,0.0,3.0,0.0,0.0,1.0,1.0,439.0
161ec,1621c,3.0,7.0,0.0,2.0,0.0,0.0,2.0,1.0,0.0,0.0,0.0,4.0,0.0,0.0,2.0,1.0,747.0
161ec,161f4,2.0,4.0,0.0,0.0,0.0,0.0,2.0,0.0,0.0,0.0,0.0,2.0,0.0,0.0,2.0,0.0,529.0
161c8,1621c,5.0,16.0,4.0,5.0,0.0,0.0,4.0,1.0,0.0,0.0,0.0,7.0,4.0,0.0,4.0,1.0,1188.0
161c8,161f4,4.0,13.0,4.0,3.0,0.0,0.0,4.0,0.0,0.0,0.0,0.0,5.0,4.0,0.0,4.0,0.0,970.0
161c8,161ec,3.0,11.0,4.0,3.0,0.0,0.0,3.0,0.0,0.0,0.0,0.0,4.0,4.0,0.0,3.0,0.0,749.0
161c8,161e0,2.0,9.0,4.0,3.0,0.0,0.0,2.0,0.0,0.0,0.0,0.0,3.0,4.0,0.0,2.0,0.0,441.0
161e0,1621c,4.0,10.0,0.0,4.0,0.0,0.0,3.0,1.0,0.0,0.0,0.0,6.0,0.0,0.0,3.0,1.0,965.0
161e0,161f4,3.0,7.0,0.0,2.0,0.0,0.0,3.0,0.0,0.0,0.0,0.0,4.0,0.0,0.0,3.0,0.0,747.0
161e0,161ec,2.0,5.0,0.0,2.0,0.0,0.0,2.0,0.0,0.0,0.0,0.0,3.0,0.0,0.0,2.0,0.0,526.0
143d4,1621c,6.0,17.0,4.0,5.0,0.0,1.0,4.0,1.0,1.0,0.0,0.0,8.0,4.0,0.0,4.0,1.0,1331.0
143d4,161f4,5.0,14.0,4.0,3.0,0.0,1.0,4.0,0.0,1.0,0.0,0.0,6.0,4.0,0.0,4.0,0.0,1113.0
143d4,161ec,4.0,12.0,4.0,3.0,0.0,1.0,3.0,0.0,1.0,0.0,0.0,5.0,4.0,0.0,3.0,0.0,892.0
143d4,161c8,2.0,7.0,4.0,1.0,0.0,1.0,1.0,0.0,1.0,0.0,0.0,2.0,4.0,0.0,1.0,0.0,366.0
143d4,161e0,3.0,10.0,4.0,3.0,0.0,1.0,2.0,0.0,1.0,0.0,0.0,4.0,4.0,0.0,2.0,0.0,584.0
143c4,1621c,7.0,21.0,4.0,7.0,0.0,1.0,5.0,1.0,1.0,0.0,0.0,11.0,4.0,0.0,5.0,1.0,1695.0
143c4,161f4,6.0,18.0,4.0,5.0,0.0,1.0,5.0,0.0,1.0,0.0,0.0,9.0,4.0,0.0,5.0,0.0,1477.0
143c4,161ec,5.0,16.0,4.0,5.0,0.0,1.0,4.0,0.0,1.0,0.0,0.0,8.0,4.0,0.0,4.0,0.0,1256.0
143c4,161c8,3.0,11.0,4.0,3.0,0.0,1.0,2.0,0.0,1.0,0.0,0.0,5.0,4.0,0.0,2.0,0.0,729.9999999999999
143c4,161e0,4.0,14.0,4.0,5.0,0.0,1.0,3.0,0.0,1.0,0.0,0.0,7.0,4.0,0.0,3.0,0.0,947.9999999999999
143c4,143d4,2.0,5.0,0.0,2.0,0.0,1.0,1.0,0.0,1.0,0.0,0.0,4.0,0.0,0.0,1.0,0.0,506.9999999999999
15c30,16244,8.0,37.0,10.0,14.0,1.0,0.0,3.0,2.0,2.0,1.0,0.0,25.0,6.0,1.0,3.0,2.0,1477.0
15c30,16194,6.0,33.0,10.0,14.0,0.0,0.0,1.0,2.0,2.0,1.0,0.0,23.0,6.0,1.0,1.0,2.0,1112.0
15c30,16240,7.0,34.0,10.0,14.0,0.0,0.0,2.0,2.0,2.0,1.0,0.0,23.0,6.0,1.0,2.0,2.0,1255.0
15c30,166a4,4.0,26.0,7.0,12.0,0.0,0.0,0.0,2.0,1.0,1.0,0.0,17.0,6.0,1.0,0.0,2.0,798.0
15c30,1618c,5.0,28.0,7.0,13.0,0.0,0.0,1.0,2.0,1.0,1.0,0.0,18.0,6.0,1.0,1.0,2.0,969.0
15c30,16674,3.0,21.0,5.0,10.0,0.0,0.0,0.0,2.0,0.0,1.0,0.0,12.0,6.0,1.0,0.0,2.0,579.0
15c30,16168,2.0,11.0,3.0,3.0,0.0,0.0,0.0,2.0,0.0,0.0,0.0,4.0,4.0,1.0,0.0,2.0,436.0
10e30,10f0c,9.0,82.0,0.0,24.0,1.0,0.0,7.0,2.0,0.0,0.0,10.0,47.0,11.0,5.0,7.0,2.0,30853930.0
10e30,10e98,5.0,44.0,0.0,13.0,1.0,0.0,4.0,1.0,0.0,0.0,7.0,26.0,3.0,3.0,4.0,1.0,23920014.0
10e30,10e74,3.0,23.0,0.0,6.0,1.0,0.0,2.0,1.0,0.0,0.0,3.0,14.0,2.0,1.0,2.0,1.0,10469870.0
11834,11838,2.0,8.0,0.0,2.0,2.0,0.0,2.0,0.0,0.0,0.0,1.0,3.0,2.0,0.0,2.0,0.0,14548.999999999998
11834,11854,4.0,13.0,0.0,3.0,2.0,0.0,4.0,0.0,0.0,0.0,1.0,4.0,4.0,0.0,4.0,0.0,932649.9999999999
11834,11844,3.0,12.0,0.0,3.0,2.0,0.0,3.0,0.0,0.0,0.0,1.0,4.0,4.0,0.0,3.0,0.0,927299.9999999999
11838,11854,3.0,12.0,0.0,3.0,2.0,0.0,3.0,0.0,0.0,0.0,1.0,4.0,4.0,0.0,3.0,0.0,927380.9999999999
11838,11844,2.0,11.0,0.0,3.0,2.0,0.0,2.0,0.0,0.0,0.0,1.0,4.0,4.0,0.0,2.0,0.0,922030.9999999999
104d8,10524,3.0,31.0,0.0,11.0,0.0,0.0,3.0,0.0,0.0,0.0,4.0,18.0,4.0,2.0,3.0,0.0,667484.0
104d8,1053c,4.0,34.0,0.0,11.0,0.0,0.0,3.0,1.0,0.0,0.0,4.0,19.0,5.0,2.0,3.0,1.0,670880.0
104d8,10590,5.0,36.0,0.0,11.0,0.0,0.0,4.0,1.0,0.0,0.0,4.0,20.0,5.0,2.0,4.0,1.0,674184.0
10bb8,10c38,4.0,61.0,0.0,20.0,1.0,0.0,4.0,0.0,0.0,0.0,9.0,36.0,8.0,4.0,4.0,0.0,476981.0
10c14,10c38,5.0,70.0,0.0,24.0,1.0,0.0,5.0,0.0,0.0,0.0,11.0,41.0,8.0,5.0,5.0,0.0,516533.0
10c64,10c58,9.0,117.0,0.0,42.0,3.0,0.0,8.0,1.0,0.0,0.0,19.0,67.0,14.0,8.0,8.0,1.0,1209374.0
10b20,10c70,9.0,117.0,0.0,42.0,3.0,0.0,7.0,2.0,0.0,0.0,19.0,66.0,15.0,8.0,7.0,2.0,1206770.0
10b20,10c58,8.0,114.0,0.0,41.0,3.0,0.0,7.0,1.0,0.0,0.0,19.0,65.0,14.0,8.0,7.0,1.0,1205534.0
10b04,10c64,2.0,10.0,0.0,4.0,0.0,0.0,1.0,1.0,0.0,0.0,1.0,4.0,2.0,1.0,1.0,1.0,7170.0
168fc,156f4,2.0,7.0,1.0,3.0,0.0,0.0,1.0,0.0,1.0,0.0,0.0,5.0,1.0,0.0,1.0,0.0,480.0
168fc,156fc,3.0,12.0,4.0,4.0,0.0,0.0,1.0,0.0,2.0,0.0,0.0,10.0,1.0,0.0,1.0,0.0,602.0
10190,102c8,2.0,28.0,1.0,10.0,0.0,0.0,1.0,1.0,0.0,0.0,2.0,17.0,7.0,0.0,1.0,1.0,271594.0
1501c,1502c,4.0,12.0,0.0,3.0,4.0,0.0,3.0,1.0,0.0,0.0,4.0,4.0,0.0,0.0,3.0,1.0,1032.0
1501c,14fa0,5.0,14.0,0.0,4.0,4.0,0.0,3.0,1.0,1.0,0.0,4.0,6.0,0.0,0.0,3.0,1.0,1170.0
1501c,15028,3.0,11.0,0.0,3.0,4.0,0.0,3.0,0.0,0.0,0.0,4.0,4.0,0.0,0.0,3.0,0.0,894.0
10980,10a6c,8.0,100.0,0.0,31.0,3.0,0.0,7.0,1.0,0.0,0.0,13.0,60.0,13.0,6.0,7.0,1.0,11265802.0
10990,109ec,3.0,29.0,0.0,8.0,1.0,0.0,2.0,1.0,0.0,0.0,5.0,15.0,4.0,2.0,2.0,1.0,1289370.0
10990,109c8,2.0,17.0,0.0,4.0,0.0,0.0,1.0,1.0,0.0,0.0,2.0,8.0,4.0,1.0,1.0,1.0,904894.0
118e4,118f8,2.0,6.0,0.0,4.0,0.0,0.0,1.0,1.0,0.0,0.0,2.0,2.0,0.0,0.0,1.0,1.0,17110.0
1093c,10a40,2.0,28.0,0.0,14.0,0.0,0.0,1.0,1.0,0.0,0.0,5.0,17.0,2.0,2.0,1.0,1.0,1339928.0
10934,10a84,2.0,8.0,0.0,2.0,0.0,0.0,1.0,1.0,0.0,0.0,1.0,3.0,1.0,1.0,1.0,1.0,6541.0
10318,1125c,2.0,32.0,3.0,15.0,0.0,0.0,1.0,1.0,0.0,0.0,5.0,13.0,7.0,5.0,1.0,1.0,5836.0
10318,10380,6.0,90.0,4.0,28.0,0.0,0.0,3.0,2.0,1.0,0.0,13.0,42.0,16.0,14.0,3.0,2.0,19100.0
10318,1127c,3.0,49.0,3.0,18.0,0.0,0.0,2.0,1.0,0.0,0.0,8.0,20.0,10.0,8.0,2.0,1.0,9092.0
10318,112c0,4.0,69.0,3.0,21.0,0.0,0.0,3.0,1.0,0.0,0.0,12.0,29.0,13.0,11.0,3.0,1.0,12558.0
10318,11318,5.0,80.0,4.0,23.0,0.0,0.0,3.0,1.0,1.0,0.0,12.0,36.0,15.0,13.0,3.0,1.0,15892.0
1125c,10380,5.0,64.0,2.0,15.0,0.0,0.0,3.0,1.0,1.0,0.0,8.0,32.0,11.0,9.0,3.0,1.0,17864.0
1125c,1127c,2.0,23.0,1.0,5.0,0.0,0.0,2.0,0.0,0.0,0.0,3.0,10.0,5.0,3.0,2.0,0.0,7856.0
1125c,112c0,3.0,43.0,1.0,8.0,0.0,0.0,3.0,0.0,0.0,0.0,7.0,19.0,8.0,6.0,3.0,0.0,11322.0
1125c,11318,4.0,54.0,2.0,10.0,0.0,0.0,3.0,0.0,1.0,0.0,7.0,26.0,10.0,8.0,3.0,0.0,14656.0
10e74,10e98,3.0,30.0,0.0,10.0,0.0,0.0,3.0,0.0,0.0,0.0,6.0,17.0,1.0,3.0,3.0,0.0,18705909.0
14f54,14f90,2.0,6.0,0.0,2.0,2.0,0.0,2.0,0.0,0.0,0.0,0.0,4.0,0.0,0.0,2.0,0.0,499.0
10dd8,10dcc,2.0,19.0,0.0,7.0,0.0,0.0,2.0,0.0,0.0,0.0,4.0,10.0,1.0,2.0,2.0,0.0,302624.0
10dd8,10df8,3.0,33.0,0.0,10.0,0.0,0.0,2.0,1.0,0.0,0.0,5.0,15.0,7.0,3.0,2.0,1.0,306033.0
10dcc,10df8,2.0,25.0,0.0,7.0,0.0,0.0,1.0,1.0,0.0,0.0,3.0,11.0,7.0,2.0,1.0,1.0,302727.0
10d48,10d70,3.0,64.0,0.0,27.0,0.0,0.0,3.0,0.0,0.0,0.0,14.0,34.0,6.0,7.0,3.0,0.0,15299660.0
10a40,10a6c,9.0,111.0,0.0,36.0,3.0,0.0,8.0,1.0,0.0,0.0,15.0,67.0,13.0,7.0,8.0,1.0,11966718.0
10754,108f0,2.0,15.0,0.0,5.0,0.0,0.0,1.0,1.0,0.0,0.0,2.0,6.0,4.0,1.0,1.0,1.0,7271.0
1177c,10318,4.0,36.0,2.0,17.0,0.0,0.0,1.0,2.0,1.0,0.0,5.0,16.0,6.0,6.0,1.0,2.0,12057.0
1177c,1125c,5.0,42.0,3.0,19.0,0.0,0.0,2.0,2.0,1.0,0.0,5.0,19.0,8.0,6.0,2.0,2.0,16657.0
1177c,110b8,3.0,10.0,0.0,4.0,0.0,0.0,1.0,1.0,1.0,0.0,0.0,6.0,1.0,1.0,1.0,1.0,10821.0
1177c,10380,9.0,100.0,4.0,32.0,0.0,0.0,4.0,3.0,2.0,0.0,13.0,48.0,17.0,15.0,4.0,3.0,29921.0
1177c,1127c,6.0,59.0,3.0,22.0,0.0,0.0,3.0,2.0,1.0,0.0,8.0,26.0,11.0,9.0,3.0,2.0,19913.0
1177c,112c0,7.0,79.0,3.0,25.0,0.0,0.0,4.0,2.0,1.0,0.0,12.0,35.0,14.0,12.0,4.0,2.0,23379.0
1177c,11790,2.0,6.0,0.0,2.0,0.0,0.0,1.0,0.0,1.0,0.0,0.0,4.0,1.0,0.0,1.0,0.0,7711.999999999999
1177c,11318,8.0,90.0,4.0,27.0,0.0,0.0,4.0,2.0,2.0,0.0,12.0,42.0,16.0,14.0,4.0,2.0,26713.0
16890,168fc,5.0,34.0,2.0,24.0,0.0,0.0,1.0,0.0,1.0,3.0,2.0,28.0,3.0,0.0,1.0,0.0,816.0
16890,156f4,6.0,36.0,2.0,25.0,0.0,0.0,2.0,0.0,1.0,3.0,2.0,29.0,3.0,0.0,2.0,0.0,1056.0
16890,156fc,7.0,41.0,5.0,26.0,0.0,0.0,2.0,0.0,2.0,3.0,2.0,34.0,3.0,0.0,2.0,0.0,1178.0
10810,1087c,4.0,63.0,0.0,19.0,1.0,0.0,4.0,0.0,0.0,0.0,10.0,35.0,10.0,4.0,4.0,0.0,474759.0
11738,10318,7.0,55.0,2.0,28.0,1.0,0.0,4.0,2.0,1.0,0.0,8.0,27.0,8.0,6.0,4.0,2.0,26510.999999999996
11738,1125c,8.0,61.0,3.0,30.0,1.0,0.0,5.0,2.0,1.0,0.0,8.0,30.0,10.0,6.0,5.0,2.0,31110.999999999996
11738,1177c,4.0,24.0,0.0,13.0,1.0,0.0,4.0,0.0,0.0,0.0,3.0,14.0,3.0,0.0,4.0,0.0,19149.999999999996
11738,11740,2.0,12.0,0.0,6.0,0.0,0.0,2.0,0.0,0.0,0.0,0.0,8.0,2.0,0.0,2.0,0.0,11427.999999999998
11738,110b8,6.0,29.0,0.0,15.0,1.0,0.0,4.0,1.0,1.0,0.0,3.0,17.0,3.0,1.0,4.0,1.0,25274.999999999996
11738,1127c,9.0,78.0,3.0,33.0,1.0,0.0,6.0,2.0,1.0,0.0,11.0,37.0,13.0,9.0,6.0,2.0,34367.0
11738,11754,3.0,19.0,0.0,11.0,1.0,0.0,3.0,0.0,0.0,0.0,3.0,11.0,2.0,0.0,3.0,0.0,14453.999999999998
11738,11790,5.0,25.0,0.0,13.0,1.0,0.0,4.0,0.0,1.0,0.0,3.0,15.0,3.0,0.0,4.0,0.0,22165.999999999996
11740,10318,6.0,48.0,2.0,24.0,1.0,0.0,3.0,2.0,1.0,0.0,8.0,22.0,7.0,6.0,3.0,2.0,23237.999999999996
11740,1125c,7.0,54.0,3.0,26.0,1.0,0.0,4.0,2.0,1.0,0.0,8.0,25.0,9.0,6.0,4.0,2.0,27838.0
11740,1177c,3.0,17.0,0.0,9.0,1.0,0.0,3.0,0.0,0.0,0.0,3.0,9.0,2.0,0.0,3.0,0.0,15876.999999999996
11740,110b8,5.0,22.0,0.0,11.0,1.0,0.0,3.0,1.0,1.0,0.0,3.0,12.0,2.0,1.0,3.0,1.0,22001.999999999996
11740,1127c,8.0,71.0,3.0,29.0,1.0,0.0,5.0,2.0,1.0,0.0,11.0,32.0,12.0,9.0,5.0,2.0,31093.999999999996
11740,112c0,9.0,91.0,3.0,32.0,1.0,0.0,6.0,2.0,1.0,0.0,15.0,41.0,15.0,12.0,6.0,2.0,34560.0
11740,11754,2.0,12.0,0.0,7.0,1.0,0.0,2.0,0.0,0.0,0.0,3.0,6.0,1.0,0.0,2.0,0.0,11180.999999999998
11740,11790,4.0,18.0,0.0,9.0,1.0,0.0,3.0,0.0,1.0,0.0,3.0,10.0,2.0,0.0,3.0,0.0,18892.999999999996
1171c,1177c,9.0,53.0,0.0,17.0,3.0,0.0,8.0,1.0,0.0,0.0,3.0,29.0,12.0,0.0,8.0,1.0,47712.0
1171c,11738,6.0,36.0,0.0,8.0,2.0,0.0,5.0,1.0,0.0,0.0,0.0,20.0,10.0,0.0,5.0,1.0,31835.0
1171c,11740,7.0,41.0,0.0,10.0,2.0,0.0,6.0,1.0,0.0,0.0,0.0,23.0,11.0,0.0,6.0,1.0,39990.0
1171c,11728,2.0,6.0,0.0,2.0,2.0,0.0,2.0,0.0,0.0,0.0,0.0,4.0,0.0,0.0,2.0,0.0,2851.9999999999995
1171c,117c8,3.0,27.0,0.0,4.0,2.0,0.0,3.0,0.0,0.0,0.0,0.0,15.0,9.0,0.0,3.0,0.0,23175.0
1171c,11754,8.0,48.0,0.0,15.0,3.0,0.0,7.0,1.0,0.0,0.0,3.0,26.0,11.0,0.0,7.0,1.0,43016.0
1171c,1181c,4.0,28.0,0.0,4.0,2.0,0.0,3.0,1.0,0.0,0.0,0.0,15.0,9.0,0.0,3.0,1.0,25531.0
1171c,11734,5.0,29.0,0.0,4.0,2.0,0.0,4.0,1.0,0.0,0.0,0.0,15.0,9.0,0.0,4.0,1.0,28562.0
11728,1177c,8.0,50.0,0.0,16.0,2.0,0.0,7.0,1.0,0.0,0.0,3.0,27.0,12.0,0.0,7.0,1.0,45184.0
11728,11738,5.0,33.0,0.0,7.0,1.0,0.0,4.0,1.0,0.0,0.0,0.0,18.0,10.0,0.0,4.0,1.0,29307.0
11728,11740,6.0,38.0,0.0,9.0,1.0,0.0,5.0,1.0,0.0,0.0,0.0,21.0,11.0,0.0,5.0,1.0,37462.0
11728,117c8,2.0,24.0,0.0,3.0,1.0,0.0,2.0,0.0,0.0,0.0,0.0,13.0,9.0,0.0,2.0,0.0,20647.0
11728,11754,7.0,45.0,0.0,14.0,2.0,0.0,6.0,1.0,0.0,0.0,3.0,24.0,11.0,0.0,6.0,1.0,40488.0
11728,11790,9.0,51.0,0.0,16.0,2.0,0.0,7.0,1.0,1.0,0.0,3.0,28.0,12.0,0.0,7.0,1.0,48200.0
11728,1181c,3.0,25.0,0.0,3.0,1.0,0.0,2.0,1.0,0.0,0.0,0.0,13.0,9.0,0.0,2.0,1.0,23003.0
11728,11734,4.0,26.0,0.0,3.0,1.0,0.0,3.0,1.0,0.0,0.0,0.0,13.0,9.0,0.0,3.0,1.0,26034.0
111d4,1171c,5.0,35.0,2.0,13.0,3.0,0.0,3.0,1.0,1.0,0.0,3.0,19.0,3.0,6.0,3.0,1.0,8779.0
111d4,11728,6.0,38.0,2.0,14.0,4.0,0.0,4.0,1.0,1.0,0.0,3.0,21.0,3.0,6.0,4.0,1.0,9103.0
111d4,11090,2.0,26.0,2.0,10.0,0.0,0.0,0.0,1.0,1.0,0.0,1.0,15.0,3.0,6.0,0.0,1.0,3391.0
111d4,11704,3.0,30.0,2.0,11.0,2.0,0.0,1.0,1.0,1.0,0.0,3.0,16.0,3.0,6.0,1.0,1.0,3715.0
111d4,11714,4.0,32.0,2.0,12.0,2.0,0.0,2.0,1.0,1.0,0.0,3.0,17.0,3.0,6.0,2.0,1.0,6251.0
111d4,117c8,7.0,59.0,2.0,16.0,4.0,0.0,5.0,1.0,1.0,0.0,3.0,32.0,12.0,6.0,5.0,1.0,29426.0
111d4,1181c,8.0,60.0,2.0,16.0,4.0,0.0,5.0,2.0,1.0,0.0,3.0,32.0,12.0,6.0,5.0,2.0,31782.0
111d4,11734,9.0,61.0,2.0,16.0,4.0,0.0,6.0,2.0,1.0,0.0,3.0,32.0,12.0,6.0,6.0,2.0,34813.0
11090,11738,9.0,52.0,0.0,17.0,4.0,0.0,7.0,2.0,0.0,0.0,2.0,29.0,10.0,2.0,7.0,2.0,35019.0
11090,1171c,4.0,19.0,0.0,10.0,3.0,0.0,3.0,1.0,0.0,0.0,2.0,11.0,0.0,2.0,3.0,1.0,5712.0
11090,11728,5.0,22.0,0.0,11.0,4.0,0.0,4.0,1.0,0.0,0.0,2.0,13.0,0.0,2.0,4.0,1.0,6036.0
11090,11704,2.0,14.0,0.0,8.0,2.0,0.0,1.0,1.0,0.0,0.0,2.0,8.0,0.0,2.0,1.0,1.0,648.0
11090,11714,3.0,16.0,0.0,9.0,2.0,0.0,2.0,1.0,0.0,0.0,2.0,9.0,0.0,2.0,2.0,1.0,3184.0
11090,117c8,6.0,43.0,0.0,13.0,4.0,0.0,5.0,1.0,0.0,0.0,2.0,24.0,9.0,2.0,5.0,1.0,26359.0
11090,1181c,7.0,44.0,0.0,13.0,4.0,0.0,5.0,2.0,0.0,0.0,2.0,24.0,9.0,2.0,5.0,2.0,28715.0
11090,11734,8.0,45.0,0.0,13.0,4.0,0.0,6.0,2.0,0.0,0.0,2.0,24.0,9.0,2.0,6.0,2.0,31746.0
11060,110d4,2.0,13.0,2.0,5.0,0.0,0.0,1.0,1.0,0.0,0.0,0.0,7.0,4.0,0.0,1.0,1.0,656.0
1045c,10524,6.0,65.0,0.0,24.0,0.0,0.0,5.0,1.0,0.0,0.0,9.0,36.0,9.0,5.0,5.0,1.0,1301658.0
1045c,104cc,2.0,31.0,0.0,12.0,0.0,0.0,1.0,1.0,0.0,0.0,5.0,16.0,5.0,3.0,1.0,1.0,632938.0
1045c,1053c,7.0,68.0,0.0,24.0,0.0,0.0,5.0,2.0,0.0,0.0,9.0,37.0,10.0,5.0,5.0,2.0,1305054.0
1045c,10590,8.0,70.0,0.0,24.0,0.0,0.0,6.0,2.0,0.0,0.0,9.0,38.0,10.0,5.0,6.0,2.0,1308358.0
1045c,10530,3.0,34.0,0.0,13.0,0.0,0.0,2.0,1.0,0.0,0.0,5.0,18.0,5.0,3.0,2.0,1.0,634174.0
104cc,10524,5.0,37.0,0.0,12.0,0.0,0.0,4.0,1.0,0.0,0.0,4.0,20.0,6.0,2.0,4.0,1.0,672180.0
104cc,1053c,6.0,40.0,0.0,12.0,0.0,0.0,4.0,2.0,0.0,0.0,4.0,21.0,7.0,2.0,4.0,2.0,675576.0
104cc,10590,7.0,42.0,0.0,12.0,0.0,0.0,5.0,2.0,0.0,0.0,4.0,22.0,7.0,2.0,5.0,2.0,678880.0
104cc,10530,2.0,6.0,0.0,1.0,0.0,0.0,1.0,1.0,0.0,0.0,0.0,2.0,2.0,0.0,1.0,1.0,4696.0
10dc4,10dd8,2.0,10.0,0.0,3.0,0.0,0.0,1.0,1.0,0.0,0.0,2.0,4.0,1.0,1.0,1.0,1.0,6620.0
10dc4,10dcc,3.0,21.0,0.0,7.0,0.0,0.0,2.0,1.0,0.0,0.0,4.0,10.0,2.0,2.0,2.0,1.0,305938.0
10dc4,10df8,4.0,35.0,0.0,10.0,0.0,0.0,2.0,2.0,0.0,0.0,5.0,15.0,8.0,3.0,2.0,2.0,309347.0
13fa0,1505c,9.0,25.0,0.0,9.0,0.0,0.0,8.0,1.0,0.0,0.0,2.0,14.0,0.0,0.0,8.0,1.0,1634.0
13fa0,15034,8.0,23.0,0.0,8.0,0.0,0.0,7.0,1.0,0.0,0.0,2.0,13.0,0.0,0.0,7.0,1.0,1454.0
13fa0,13fcc,5.0,17.0,0.0,5.0,0.0,0.0,5.0,0.0,0.0,0.0,1.0,11.0,0.0,0.0,5.0,0.0,854.0
13fa0,1420c,6.0,20.0,0.0,7.0,0.0,0.0,5.0,1.0,0.0,0.0,1.0,13.0,0.0,0.0,5.0,1.0,1100.0
13fa0,15030,7.0,21.0,0.0,7.0,0.0,0.0,6.0,1.0,0.0,0.0,1.0,13.0,0.0,0.0,6.0,1.0,1332.0
11670,11674,5.0,15.0,4.0,4.0,0.0,1.0,2.0,0.0,3.0,0.0,0.0,12.0,0.0,1.0,2.0,0.0,358.0
11670,10108,6.0,19.0,5.0,6.0,0.0,1.0,2.0,1.0,3.0,0.0,0.0,15.0,0.0,1.0,2.0,1.0,494.0
11670,10fd4,8.0,31.0,9.0,12.0,0.0,1.0,2.0,2.0,4.0,0.0,0.0,23.0,3.0,1.0,2.0,2.0,737.0
11670,11478,9.0,33.0,9.0,13.0,0.0,1.0,2.0,3.0,4.0,0.0,0.0,24.0,3.0,1.0,2.0,3.0,876.0
11670,11464,7.0,24.0,7.0,8.0,0.0,1.0,2.0,2.0,3.0,0.0,0.0,17.0,2.0,1.0,2.0,2.0,598.0
116a4,116b0,2.0,7.0,0.0,3.0,0.0,0.0,2.0,0.0,0.0,0.0,0.0,5.0,0.0,0.0,2.0,0.0,7837.0
116a4,116c0,3.0,9.0,0.0,4.0,0.0,0.0,3.0,0.0,0.0,0.0,0.0,6.0,0.0,0.0,3.0,0.0,7972.0
116a4,116d4,6.0,18.0,0.0,8.0,0.0,0.0,5.0,1.0,0.0,0.0,1.0,11.0,0.0,0.0,5.0,1.0,8960.0
116a4,116c8,4.0,12.0,0.0,6.0,0.0,0.0,3.0,1.0,0.0,0.0,1.0,7.0,0.0,0.0,3.0,1.0,8110.0
116a4,116f4,7.0,20.0,0.0,9.0,0.0,0.0,5.0,1.0,1.0,0.0,1.0,13.0,0.0,0.0,5.0,1.0,9064.0
116a4,10fb0,8.0,29.0,2.0,13.0,1.0,0.0,5.0,1.0,2.0,0.0,1.0,22.0,0.0,0.0,5.0,1.0,9203.0
116a4,11498,9.0,31.0,2.0,14.0,1.0,0.0,6.0,1.0,2.0,0.0,1.0,23.0,0.0,0.0,6.0,1.0,9342.0
108fc,10934,3.0,16.0,0.0,4.0,0.0,0.0,2.0,1.0,0.0,0.0,1.0,6.0,5.0,1.0,2.0,1.0,9953.0
108fc,10a84,4.0,22.0,0.0,6.0,0.0,0.0,3.0,1.0,0.0,0.0,2.0,9.0,5.0,2.0,3.0,1.0,13268.0
108fc,10908,2.0,14.0,0.0,4.0,0.0,0.0,2.0,0.0,0.0,0.0,1.0,6.0,4.0,1.0,2.0,0.0,6727.0
102e8,102f0,2.0,11.0,1.0,3.0,0.0,0.0,0.0,1.0,1.0,0.0,1.0,8.0,1.0,0.0,0.0,1.0,246718.0
116d8,116d4,2.0,6.0,0.0,2.0,0.0,0.0,2.0,0.0,0.0,0.0,0.0,4.0,0.0,0.0,2.0,0.0,850.0
116d8,114a0,6.0,22.0,2.0,9.0,1.0,0.0,3.0,1.0,2.0,0.0,0.0,17.0,0.0,1.0,3.0,1.0,1372.0
116d8,119cc,7.0,25.0,2.0,10.0,1.0,0.0,3.0,2.0,2.0,0.0,0.0,19.0,0.0,1.0,3.0,2.0,1508.0
116d8,116f4,3.0,8.0,0.0,3.0,0.0,0.0,2.0,0.0,1.0,0.0,0.0,6.0,0.0,0.0,2.0,0.0,954.0
116d8,10fb0,4.0,17.0,2.0,7.0,1.0,0.0,2.0,0.0,2.0,0.0,0.0,15.0,0.0,0.0,2.0,0.0,1093.0
116d8,118fc,8.0,33.0,5.0,14.0,1.0,0.0,3.0,3.0,2.0,0.0,0.0,23.0,3.0,1.0,3.0,3.0,1647.0
116d8,119d8,9.0,36.0,5.0,15.0,2.0,0.0,4.0,3.0,2.0,0.0,0.0,25.0,3.0,1.0,4.0,3.0,1785.0
116d8,11498,5.0,19.0,2.0,8.0,1.0,0.0,3.0,0.0,2.0,0.0,0.0,16.0,0.0,0.0,3.0,0.0,1232.0
10d40,10d70,4.0,66.0,0.0,27.0,0.0,0.0,4.0,0.0,0.0,0.0,14.0,35.0,6.0,7.0,4.0,0.0,15689552.0
107dc,1087c,6.0,79.0,0.0,24.0,1.0,0.0,5.0,1.0,0.0,0.0,12.0,42.0,14.0,5.0,5.0,1.0,564293.0
107dc,10870,2.0,16.0,0.0,5.0,0.0,0.0,1.0,1.0,0.0,0.0,2.0,7.0,4.0,1.0,1.0,1.0,89534.00000000001
11898,103a8,2.0,14.0,0.0,5.0,0.0,0.0,0.0,1.0,1.0,0.0,1.0,5.0,5.0,2.0,0.0,1.0,6619.0
110b8,10318,2.0,30.0,2.0,15.0,0.0,0.0,0.0,2.0,0.0,0.0,5.0,12.0,5.0,6.0,0.0,2.0,4345.0
110b8,1125c,3.0,36.0,3.0,17.0,0.0,0.0,1.0,2.0,0.0,0.0,5.0,15.0,7.0,6.0,1.0,2.0,8945.0
110b8,10380,7.0,94.0,4.0,30.0,0.0,0.0,3.0,3.0,1.0,0.0,13.0,44.0,16.0,15.0,3.0,3.0,22209.0
110b8,1127c,4.0,53.0,3.0,20.0,0.0,0.0,2.0,2.0,0.0,0.0,8.0,22.0,10.0,9.0,2.0,2.0,12201.0
110b8,112c0,5.0,73.0,3.0,23.0,0.0,0.0,3.0,2.0,0.0,0.0,12.0,31.0,13.0,12.0,3.0,2.0,15667.0
110b8,11318,6.0,84.0,4.0,25.0,0.0,0.0,3.0,2.0,1.0,0.0,12.0,38.0,15.0,14.0,3.0,2.0,19001.0
1408c,14f54,2.0,7.0,0.0,3.0,2.0,0.0,1.0,1.0,0.0,0.0,0.0,5.0,0.0,0.0,1.0,1.0,423.0
1408c,14f90,3.0,10.0,0.0,5.0,2.0,0.0,2.0,1.0,0.0,0.0,0.0,7.0,0.0,0.0,2.0,1.0,685.0
10870,1087c,5.0,66.0,0.0,20.0,1.0,0.0,5.0,0.0,0.0,0.0,10.0,37.0,10.0,4.0,5.0,0.0,519352.0
10c70,10dd8,9.0,100.0,0.0,38.0,0.0,0.0,6.0,3.0,0.0,0.0,20.0,50.0,11.0,10.0,6.0,3.0,16097399.0
10c70,10dc4,8.0,92.0,0.0,35.0,0.0,0.0,5.0,3.0,0.0,0.0,18.0,46.0,11.0,9.0,5.0,3.0,16094093.0
10c70,10d70,7.0,90.0,0.0,35.0,0.0,0.0,5.0,2.0,0.0,0.0,18.0,46.0,10.0,9.0,5.0,2.0,16090779.0
10c70,10db8,2.0,6.0,0.0,2.0,0.0,0.0,1.0,1.0,0.0,0.0,0.0,3.0,1.0,0.0,1.0,1.0,2472.0
10db8,10dd8,8.0,97.0,0.0,37.0,0.0,0.0,6.0,2.0,0.0,0.0,20.0,49.0,10.0,10.0,6.0,2.0,16096163.0
10db8,10dcc,9.0,108.0,0.0,41.0,0.0,0.0,7.0,2.0,0.0,0.0,22.0,55.0,11.0,11.0,7.0,2.0,16395481.0
10db8,10dc4,7.0,89.0,0.0,34.0,0.0,0.0,5.0,2.0,0.0,0.0,18.0,45.0,10.0,9.0,5.0,2.0,16092857.0
10db8,10d70,6.0,87.0,0.0,34.0,0.0,0.0,5.0,1.0,0.0,0.0,18.0,45.0,9.0,9.0,5.0,1.0,16089543.0
11080,1171c,7.0,48.0,4.0,16.0,4.0,0.0,4.0,2.0,1.0,0.0,3.0,24.0,7.0,8.0,4.0,2.0,14544.0
11080,11728,8.0,51.0,4.0,17.0,5.0,0.0,5.0,2.0,1.0,0.0,3.0,26.0,7.0,8.0,5.0,2.0,14868.0
11080,111d4,3.0,29.0,4.0,6.0,1.0,0.0,1.0,1.0,1.0,0.0,1.0,13.0,7.0,6.0,1.0,1.0,8832.0
11080,11090,4.0,39.0,4.0,13.0,1.0,0.0,1.0,2.0,1.0,0.0,1.0,20.0,7.0,8.0,1.0,2.0,9156.0
11080,11704,5.0,43.0,4.0,14.0,3.0,0.0,2.0,2.0,1.0,0.0,3.0,21.0,7.0,8.0,2.0,2.0,9480.0
11080,11714,6.0,45.0,4.0,15.0,3.0,0.0,3.0,2.0,1.0,0.0,3.0,22.0,7.0,8.0,3.0,2.0,12016.0
11080,117c8,9.0,72.0,4.0,19.0,5.0,0.0,6.0,2.0,1.0,0.0,3.0,37.0,16.0,8.0,6.0,2.0,35191.0
11080,11190,2.0,13.0,2.0,3.0,1.0,0.0,1.0,1.0,0.0,0.0,0.0,5.0,4.0,2.0,1.0,1.0,5765.0
11704,11738,8.0,42.0,0.0,10.0,4.0,0.0,7.0,1.0,0.0,0.0,2.0,22.0,10.0,0.0,7.0,1.0,34695.0
11704,11740,9.0,47.0,0.0,12.0,4.0,0.0,8.0,1.0,0.0,0.0,2.0,25.0,11.0,0.0,8.0,1.0,42850.0
11704,1171c,3.0,9.0,0.0,3.0,3.0,0.0,3.0,0.0,0.0,0.0,2.0,4.0,0.0,0.0,3.0,0.0,5388.0
11704,11728,4.0,12.0,0.0,4.0,4.0,0.0,4.0,0.0,0.0,0.0,2.0,6.0,0.0,0.0,4.0,0.0,5712.0
11704,11714,2.0,6.0,0.0,2.0,2.0,0.0,2.0,0.0,0.0,0.0,2.0,2.0,0.0,0.0,2.0,0.0,2860.0
11704,117c8,5.0,33.0,0.0,6.0,4.0,0.0,5.0,0.0,0.0,0.0,2.0,17.0,9.0,0.0,5.0,0.0,26035.0
11704,1181c,6.0,34.0,0.0,6.0,4.0,0.0,5.0,1.0,0.0,0.0,2.0,17.0,9.0,0.0,5.0,1.0,28391.0
11704,11734,7.0,35.0,0.0,6.0,4.0,0.0,6.0,1.0,0.0,0.0,2.0,17.0,9.0,0.0,6.0,1.0,31422.0
11714,11738,7.0,38.0,0.0,9.0,2.0,0.0,6.0,1.0,0.0,0.0,0.0,21.0,10.0,0.0,6.0,1.0,34371.0
11714,11740,8.0,43.0,0.0,11.0,2.0,0.0,7.0,1.0,0.0,0.0,0.0,24.0,11.0,0.0,7.0,1.0,42526.0
11714,1171c,2.0,5.0,0.0,2.0,1.0,0.0,2.0,0.0,0.0,0.0,0.0,3.0,0.0,0.0,2.0,0.0,5064.0
11714,11728,3.0,8.0,0.0,3.0,2.0,0.0,3.0,0.0,0.0,0.0,0.0,5.0,0.0,0.0,3.0,0.0,5388.0
11714,117c8,4.0,29.0,0.0,5.0,2.0,0.0,4.0,0.0,0.0,0.0,0.0,16.0,9.0,0.0,4.0,0.0,25711.0
11714,11754,9.0,50.0,0.0,16.0,3.0,0.0,8.0,1.0,0.0,0.0,3.0,27.0,11.0,0.0,8.0,1.0,45552.0
11714,1181c,5.0,30.0,0.0,5.0,2.0,0.0,4.0,1.0,0.0,0.0,0.0,16.0,9.0,0.0,4.0,1.0,28067.0
11714,11734,6.0,31.0,0.0,5.0,2.0,0.0,5.0,1.0,0.0,0.0,0.0,16.0,9.0,0.0,5.0,1.0,31098.0
1407c,14f54,3.0,11.0,0.0,4.0,2.0,0.0,2.0,1.0,0.0,0.0,0.0,8.0,0.0,0.0,2.0,1.0,685.0
1407c,14f90,4.0,14.0,0.0,6.0,2.0,0.0,3.0,1.0,0.0,0.0,0.0,10.0,0.0,0.0,3.0,1.0,947.0
1407c,1408c,2.0,8.0,0.0,4.0,0.0,0.0,1.0,1.0,0.0,0.0,0.0,6.0,0.0,0.0,1.0,1.0,448.0
1127c,10380,4.0,58.0,1.0,13.0,0.0,0.0,2.0,1.0,1.0,0.0,8.0,29.0,9.0,9.0,2.0,1.0,13264.0
1127c,112c0,2.0,37.0,0.0,6.0,0.0,0.0,2.0,0.0,0.0,0.0,7.0,16.0,6.0,6.0,2.0,0.0,6722.0
1127c,11318,3.0,48.0,1.0,8.0,0.0,0.0,2.0,0.0,1.0,0.0,7.0,23.0,8.0,8.0,2.0,0.0,10056.0
112c0,10380,3.0,41.0,1.0,10.0,0.0,0.0,1.0,1.0,1.0,0.0,5.0,22.0,6.0,6.0,1.0,1.0,10008.0
112c0,11318,2.0,31.0,1.0,5.0,0.0,0.0,1.0,0.0,1.0,0.0,4.0,16.0,5.0,5.0,1.0,0.0,6800.0
156d0,168fc,6.0,43.0,5.0,27.0,0.0,0.0,1.0,1.0,1.0,3.0,2.0,31.0,7.0,1.0,1.0,1.0,1048.0
156d0,16890,2.0,14.0,4.0,5.0,0.0,0.0,1.0,1.0,0.0,0.0,0.0,6.0,5.0,1.0,1.0,1.0,437.0
156d0,156f4,7.0,45.0,5.0,28.0,0.0,0.0,2.0,1.0,1.0,3.0,2.0,32.0,7.0,1.0,2.0,1.0,1288.0
156d0,156fc,8.0,50.0,8.0,29.0,0.0,0.0,2.0,1.0,2.0,3.0,2.0,37.0,7.0,1.0,2.0,1.0,1410.0
11844,11854,2.0,5.0,0.0,1.0,0.0,0.0,2.0,0.0,0.0,0.0,0.0,1.0,2.0,0.0,2.0,0.0,918100.9999999999
1053c,10590,2.0,5.0,0.0,0.0,0.0,0.0,1.0,1.0,0.0,0.0,0.0,2.0,1.0,0.0,1.0,1.0,6700.0
117c8,1177c,7.0,47.0,0.0,15.0,1.0,0.0,6.0,1.0,0.0,0.0,3.0,25.0,12.0,0.0,6.0,1.0,44860.0
117c8,11738,4.0,30.0,0.0,6.0,0.0,0.0,3.0,1.0,0.0,0.0,0.0,16.0,10.0,0.0,3.0,1.0,28983.0
117c8,11740,5.0,35.0,0.0,8.0,0.0,0.0,4.0,1.0,0.0,0.0,0.0,19.0,11.0,0.0,4.0,1.0,37138.0
117c8,110b8,9.0,52.0,0.0,17.0,1.0,0.0,6.0,2.0,1.0,0.0,3.0,28.0,12.0,1.0,6.0,2.0,50985.0
117c8,11754,6.0,42.0,0.0,13.0,1.0,0.0,5.0,1.0,0.0,0.0,3.0,22.0,11.0,0.0,5.0,1.0,40164.0
117c8,11790,8.0,48.0,0.0,15.0,1.0,0.0,6.0,1.0,1.0,0.0,3.0,26.0,12.0,0.0,6.0,1.0,47876.0
117c8,1181c,2.0,22.0,0.0,2.0,0.0,0.0,1.0,1.0,0.0,0.0,0.0,11.0,9.0,0.0,1.0,1.0,22679.0
117c8,11734,3.0,23.0,0.0,2.0,0.0,0.0,2.0,1.0,0.0,0.0,0.0,11.0,9.0,0.0,2.0,1.0,25710.0
10530,10524,4.0,34.0,0.0,12.0,0.0,0.0,4.0,0.0,0.0,0.0,4.0,20.0,4.0,2.0,4.0,0.0,668720.0
10530,1053c,5.0,37.0,0.0,12.0,0.0,0.0,4.0,1.0,0.0,0.0,4.0,21.0,5.0,2.0,4.0,1.0,672116.0
10530,10590,6.0,39.0,0.0,12.0,0.0,0.0,5.0,1.0,0.0,0.0,4.0,22.0,5.0,2.0,5.0,1.0,675420.0
1626c,143d8,7.0,18.0,4.0,4.0,1.0,0.0,2.0,2.0,3.0,0.0,1.0,12.0,1.0,0.0,2.0,2.0,1317.0
1626c,1628c,6.0,14.0,4.0,2.0,0.0,0.0,1.0,2.0,3.0,0.0,0.0,10.0,1.0,0.0,1.0,2.0,1121.0
1626c,13718,5.0,7.0,0.0,0.0,0.0,0.0,1.0,2.0,2.0,0.0,0.0,3.0,1.0,0.0,1.0,2.0,921.0
1626c,16280,2.0,3.0,0.0,0.0,0.0,0.0,1.0,1.0,0.0,0.0,0.0,1.0,0.0,0.0,1.0,1.0,321.0
1626c,13714,3.0,4.0,0.0,0.0,0.0,0.0,1.0,1.0,1.0,0.0,0.0,2.0,0.0,0.0,1.0,1.0,549.0
1626c,16284,4.0,6.0,0.0,0.0,0.0,0.0,1.0,2.0,1.0,0.0,0.0,2.0,1.0,0.0,1.0,2.0,778.0
15034,1505c,2.0,4.0,0.0,2.0,0.0,0.0,2.0,0.0,0.0,0.0,1.0,1.0,0.0,0.0,2.0,0.0,302.0
156f4,156fc,2.0,7.0,3.0,2.0,0.0,0.0,1.0,0.0,1.0,0.0,0.0,6.0,0.0,0.0,1.0,0.0,362.0
11754,10318,5.0,43.0,2.0,22.0,1.0,0.0,2.0,2.0,1.0,0.0,8.0,19.0,6.0,6.0,2.0,2.0,15083.0
11754,1125c,6.0,49.0,3.0,24.0,1.0,0.0,3.0,2.0,1.0,0.0,8.0,22.0,8.0,6.0,3.0,2.0,19683.0
11754,1177c,2.0,12.0,0.0,7.0,1.0,0.0,2.0,0.0,0.0,0.0,3.0,6.0,1.0,0.0,2.0,0.0,7721.999999999998
11754,110b8,4.0,17.0,0.0,9.0,1.0,0.0,2.0,1.0,1.0,0.0,3.0,9.0,1.0,1.0,2.0,1.0,13847.0
11754,1127c,7.0,66.0,3.0,27.0,1.0,0.0,4.0,2.0,1.0,0.0,11.0,29.0,11.0,9.0,4.0,2.0,22939.0
11754,112c0,8.0,86.0,3.0,30.0,1.0,0.0,5.0,2.0,1.0,0.0,15.0,38.0,14.0,12.0,5.0,2.0,26405.0
11754,11790,3.0,13.0,0.0,7.0,1.0,0.0,2.0,0.0,1.0,0.0,3.0,7.0,1.0,0.0,2.0,0.0,10737.999999999998
11754,11318,9.0,97.0,4.0,32.0,1.0,0.0,5.0,2.0,2.0,0.0,15.0,45.0,16.0,14.0,5.0,2.0,29739.0
16168,16244,7.0,35.0,10.0,14.0,1.0,0.0,3.0,1.0,2.0,1.0,0.0,24.0,6.0,1.0,3.0,1.0,1263.0
16168,16194,5.0,31.0,10.0,14.0,0.0,0.0,1.0,1.0,2.0,1.0,0.0,22.0,6.0,1.0,1.0,1.0,898.0
16168,16240,6.0,32.0,10.0,14.0,0.0,0.0,2.0,1.0,2.0,1.0,0.0,22.0,6.0,1.0,2.0,1.0,1041.0
16168,166a4,3.0,24.0,7.0,12.0,0.0,0.0,0.0,1.0,1.0,1.0,0.0,16.0,6.0,1.0,0.0,1.0,584.0
16168,1618c,4.0,26.0,7.0,13.0,0.0,0.0,1.0,1.0,1.0,1.0,0.0,17.0,6.0,1.0,1.0,1.0,755.0
16168,16674,2.0,19.0,5.0,10.0,0.0,0.0,0.0,1.0,0.0,1.0,0.0,11.0,6.0,1.0,0.0,1.0,365.0
10c7c,10dd8,7.0,94.0,0.0,36.0,0.0,0.0,5.0,2.0,0.0,0.0,20.0,47.0,10.0,10.0,5.0,2.0,16094927.0
10c7c,10dcc,8.0,105.0,0.0,40.0,0.0,0.0,6.0,2.0,0.0,0.0,22.0,53.0,11.0,11.0,6.0,2.0,16394245.0
10c7c,10dc4,6.0,86.0,0.0,33.0,0.0,0.0,4.0,2.0,0.0,0.0,18.0,43.0,10.0,9.0,4.0,2.0,16091621.0
10c7c,10d40,2.0,20.0,0.0,6.0,0.0,0.0,1.0,1.0,0.0,0.0,4.0,9.0,3.0,2.0,1.0,1.0,788647.0
10c7c,10d70,5.0,84.0,0.0,33.0,0.0,0.0,4.0,1.0,0.0,0.0,18.0,43.0,9.0,9.0,4.0,1.0,16088307.0
10c7c,10df8,9.0,119.0,0.0,43.0,0.0,0.0,6.0,3.0,0.0,0.0,23.0,58.0,17.0,12.0,6.0,3.0,16397654.0
16284,143d8,4.0,14.0,4.0,4.0,1.0,0.0,1.0,1.0,2.0,0.0,1.0,10.0,1.0,0.0,1.0,1.0,768.0
16284,1628c,3.0,10.0,4.0,2.0,0.0,0.0,0.0,1.0,2.0,0.0,0.0,8.0,1.0,0.0,0.0,1.0,572.0
16284,13718,2.0,3.0,0.0,0.0,0.0,0.0,0.0,1.0,1.0,0.0,0.0,1.0,1.0,0.0,0.0,1.0,372.0
11790,10318,3.0,31.0,2.0,15.0,0.0,0.0,0.0,2.0,1.0,0.0,5.0,13.0,5.0,6.0,0.0,2.0,7361.0
11790,1125c,4.0,37.0,3.0,17.0,0.0,0.0,1.0,2.0,1.0,0.0,5.0,16.0,7.0,6.0,1.0,2.0,11961.0
11790,110b8,2.0,5.0,0.0,2.0,0.0,0.0,0.0,1.0,1.0,0.0,0.0,3.0,0.0,1.0,0.0,1.0,6125.0
11790,10380,8.0,95.0,4.0,30.0,0.0,0.0,3.0,3.0,2.0,0.0,13.0,45.0,16.0,15.0,3.0,3.0,25225.0
11790,1127c,5.0,54.0,3.0,20.0,0.0,0.0,2.0,2.0,1.0,0.0,8.0,23.0,10.0,9.0,2.0,2.0,15217.0
11790,112c0,6.0,74.0,3.0,23.0,0.0,0.0,3.0,2.0,1.0,0.0,12.0,32.0,13.0,12.0,3.0,2.0,18683.0
11790,11318,7.0,85.0,4.0,25.0,0.0,0.0,3.0,2.0,2.0,0.0,12.0,39.0,15.0,14.0,3.0,2.0,22017.0
11318,10380,2.0,21.0,1.0,7.0,0.0,0.0,0.0,1.0,1.0,0.0,1.0,13.0,3.0,3.0,0.0,1.0,6542.0
1181c,10318,9.0,57.0,2.0,28.0,1.0,0.0,5.0,3.0,1.0,0.0,8.0,27.0,8.0,6.0,5.0,3.0,31897.999999999996
1181c,1177c,6.0,26.0,0.0,13.0,1.0,0.0,5.0,1.0,0.0,0.0,3.0,14.0,3.0,0.0,5.0,1.0,24536.999999999996
1181c,11738,3.0,9.0,0.0,4.0,0.0,0.0,2.0,1.0,0.0,0.0,0.0,5.0,1.0,0.0,2.0,1.0,8660.0
1181c,11740,4.0,14.0,0.0,6.0,0.0,0.0,3.0,1.0,0.0,0.0,0.0,8.0,2.0,0.0,3.0,1.0,16815.0
1181c,110b8,8.0,31.0,0.0,15.0,1.0,0.0,5.0,2.0,1.0,0.0,3.0,17.0,3.0,1.0,5.0,2.0,30662.0
1181c,11754,5.0,21.0,0.0,11.0,1.0,0.0,4.0,1.0,0.0,0.0,3.0,11.0,2.0,0.0,4.0,1.0,19840.999999999996
1181c,11790,7.0,27.0,0.0,13.0,1.0,0.0,5.0,1.0,1.0,0.0,3.0,15.0,3.0,0.0,5.0,1.0,27552.999999999996
1181c,11734,2.0,2.0,0.0,0.0,0.0,0.0,1.0,1.0,0.0,0.0,0.0,0.0,0.0,0.0,1.0,1.0,5387.0
1409c,13fa0,4.0,8.0,0.0,4.0,0.0,0.0,2.0,2.0,0.0,0.0,1.0,3.0,0.0,0.0,2.0,2.0,780.0
1409c,13fcc,8.0,23.0,0.0,8.0,0.0,0.0,6.0,2.0,0.0,0.0,2.0,13.0,0.0,0.0,6.0,2.0,1385.0
1409c,1420c,9.0,26.0,0.0,10.0,0.0,0.0,6.0,3.0,0.0,0.0,2.0,15.0,0.0,0.0,6.0,3.0,1631.0
11734,10318,8.0,56.0,2.0,28.0,1.0,0.0,5.0,2.0,1.0,0.0,8.0,27.0,8.0,6.0,5.0,2.0,29541.999999999996
11734,1125c,9.0,62.0,3.0,30.0,1.0,0.0,6.0,2.0,1.0,0.0,8.0,30.0,10.0,6.0,6.0,2.0,34142.0
11734,1177c,5.0,25.0,0.0,13.0,1.0,0.0,5.0,0.0,0.0,0.0,3.0,14.0,3.0,0.0,5.0,0.0,22180.999999999996
11734,11738,2.0,8.0,0.0,4.0,0.0,0.0,2.0,0.0,0.0,0.0,0.0,5.0,1.0,0.0,2.0,0.0,6304.0
11734,11740,3.0,13.0,0.0,6.0,0.0,0.0,3.0,0.0,0.0,0.0,0.0,8.0,2.0,0.0,3.0,0.0,14458.999999999998
11734,110b8,7.0,30.0,0.0,15.0,1.0,0.0,5.0,1.0,1.0,0.0,3.0,17.0,3.0,1.0,5.0,1.0,28306.0
11734,11754,4.0,20.0,0.0,11.0,1.0,0.0,4.0,0.0,0.0,0.0,3.0,11.0,2.0,0.0,4.0,0.0,17484.999999999996
11734,11790,6.0,26.0,0.0,13.0,1.0,0.0,5.0,0.0,1.0,0.0,3.0,15.0,3.0,0.0,5.0,0.0,25196.999999999996
11190,1171c,6.0,44.0,4.0,15.0,4.0,0.0,4.0,1.0,1.0,0.0,3.0,23.0,7.0,6.0,4.0,1.0,11199.0
11190,11728,7.0,47.0,4.0,16.0,5.0,0.0,5.0,1.0,1.0,0.0,3.0,25.0,7.0,6.0,5.0,1.0,11523.0
11190,111d4,2.0,25.0,4.0,5.0,1.0,0.0,1.0,0.0,1.0,0.0,1.0,12.0,7.0,4.0,1.0,0.0,5487.0
11190,11090,3.0,35.0,4.0,12.0,1.0,0.0,1.0,1.0,1.0,0.0,1.0,19.0,7.0,6.0,1.0,1.0,5811.0
11190,11704,4.0,39.0,4.0,13.0,3.0,0.0,2.0,1.0,1.0,0.0,3.0,20.0,7.0,6.0,2.0,1.0,6135.0
11190,11714,5.0,41.0,4.0,14.0,3.0,0.0,3.0,1.0,1.0,0.0,3.0,21.0,7.0,6.0,3.0,1.0,8671.0
11190,117c8,8.0,68.0,4.0,18.0,5.0,0.0,6.0,1.0,1.0,0.0,3.0,36.0,16.0,6.0,6.0,1.0,31846.0
11190,1181c,9.0,69.0,4.0,18.0,5.0,0.0,6.0,2.0,1.0,0.0,3.0,36.0,16.0,6.0,6.0,2.0,34202.0
119f0,11a0c,2.0,10.0,0.0,3.0,3.0,0.0,2.0,0.0,0.0,0.0,5.0,3.0,0.0,0.0,2.0,0.0,748.0
119f0,11a7c,3.0,12.0,0.0,4.0,3.0,0.0,2.0,0.0,1.0,0.0,5.0,5.0,0.0,0.0,2.0,0.0,886.0
119f0,1191c,4.0,28.0,7.0,9.0,3.0,0.0,3.0,0.0,1.0,0.0,5.0,12.0,7.0,1.0,3.0,0.0,1024.0
119f0,119b0,5.0,31.0,8.0,10.0,3.0,0.0,3.0,1.0,1.0,0.0,5.0,13.0,8.0,1.0,3.0,1.0,1155.0
119f0,13704,6.0,33.0,8.0,10.0,3.0,0.0,4.0,1.0,1.0,0.0,5.0,14.0,8.0,1.0,4.0,1.0,1286.0
119f0,13710,7.0,34.0,8.0,10.0,3.0,0.0,4.0,2.0,1.0,0.0,5.0,14.0,8.0,1.0,4.0,2.0,1389.0
119f0,133fc,8.0,65.0,16.0,19.0,3.0,0.0,4.0,3.0,1.0,0.0,5.0,24.0,27.0,2.0,4.0,3.0,1519.0
109c8,109ec,2.0,15.0,0.0,4.0,1.0,0.0,1.0,1.0,0.0,0.0,3.0,7.0,2.0,1.0,1.0,1.0,884037.0
10f50,10f68,2.0,7.0,2.0,2.0,0.0,0.0,0.0,1.0,1.0,0.0,1.0,4.0,0.0,1.0,0.0,1.0,6578.0
10f50,110c8,3.0,15.0,2.0,5.0,0.0,0.0,1.0,1.0,1.0,0.0,1.0,10.0,1.0,1.0,1.0,1.0,9110.0
10f68,110c8,2.0,14.0,2.0,5.0,0.0,0.0,1.0,0.0,1.0,0.0,1.0,10.0,1.0,1.0,1.0,0.0,6008.0
10454,10524,8.0,73.0,0.0,26.0,0.0,0.0,6.0,2.0,0.0,0.0,10.0,39.0,10.0,6.0,6.0,2.0,1308251.0
10454,1045c,3.0,36.0,0.0,14.0,0.0,0.0,2.0,1.0,0.0,0.0,6.0,19.0,4.0,4.0,2.0,1.0,636071.0
10454,104cc,4.0,39.0,0.0,14.0,0.0,0.0,2.0,2.0,0.0,0.0,6.0,19.0,6.0,4.0,2.0,2.0,639531.0
10454,1053c,9.0,76.0,0.0,26.0,0.0,0.0,6.0,3.0,0.0,0.0,10.0,40.0,11.0,6.0,6.0,3.0,1311647.0
10454,10530,5.0,42.0,0.0,15.0,0.0,0.0,3.0,2.0,0.0,0.0,6.0,21.0,6.0,4.0,3.0,2.0,640767.0
10454,104b4,2.0,8.0,0.0,2.0,0.0,0.0,1.0,1.0,0.0,0.0,1.0,3.0,1.0,1.0,1.0,1.0,6593.0
104b4,10524,7.0,71.0,0.0,26.0,0.0,0.0,6.0,1.0,0.0,0.0,10.0,39.0,9.0,6.0,6.0,1.0,1304932.0
104b4,1045c,2.0,34.0,0.0,14.0,0.0,0.0,2.0,0.0,0.0,0.0,6.0,19.0,3.0,4.0,2.0,0.0,632752.0
104b4,104cc,3.0,37.0,0.0,14.0,0.0,0.0,2.0,1.0,0.0,0.0,6.0,19.0,5.0,4.0,2.0,1.0,636212.0
104b4,1053c,8.0,74.0,0.0,26.0,0.0,0.0,6.0,2.0,0.0,0.0,10.0,40.0,10.0,6.0,6.0,2.0,1308328.0
104b4,10590,9.0,76.0,0.0,26.0,0.0,0.0,7.0,2.0,0.0,0.0,10.0,41.0,10.0,6.0,7.0,2.0,1311632.0
104b4,10530,4.0,40.0,0.0,15.0,0.0,0.0,3.0,1.0,0.0,0.0,6.0,21.0,5.0,4.0,3.0,1.0,637448.0
13248,13274,3.0,12.0,0.0,2.0,1.0,0.0,3.0,0.0,0.0,0.0,1.0,6.0,2.0,0.0,3.0,0.0,686.0
13248,13250,2.0,10.0,0.0,2.0,1.0,0.0,2.0,0.0,0.0,0.0,1.0,6.0,1.0,0.0,2.0,0.0,430.0
13250,13274,2.0,10.0,0.0,2.0,1.0,0.0,2.0,0.0,0.0,0.0,1.0,5.0,2.0,0.0,2.0,0.0,430.0
10908,10934,2.0,13.0,0.0,3.0,0.0,0.0,1.0,1.0,0.0,0.0,1.0,4.0,5.0,1.0,1.0,1.0,6547.0
10908,10a84,3.0,19.0,0.0,5.0,0.0,0.0,2.0,1.0,0.0,0.0,2.0,7.0,5.0,2.0,2.0,1.0,9862.0
10b78,10c14,2.0,25.0,0.0,12.0,0.0,0.0,1.0,1.0,0.0,0.0,5.0,13.0,3.0,2.0,1.0,1.0,84115.0
10b78,10c38,6.0,86.0,0.0,32.0,1.0,0.0,5.0,1.0,0.0,0.0,14.0,49.0,11.0,6.0,5.0,1.0,561096.0
10f48,10f50,3.0,11.0,2.0,4.0,0.0,0.0,0.0,2.0,1.0,0.0,0.0,7.0,2.0,0.0,0.0,2.0,9576.0
10f48,10f68,4.0,17.0,4.0,6.0,0.0,0.0,0.0,2.0,2.0,0.0,1.0,11.0,2.0,1.0,0.0,2.0,13052.0
10f48,11444,2.0,10.0,2.0,4.0,0.0,0.0,0.0,1.0,1.0,0.0,0.0,7.0,2.0,0.0,0.0,1.0,6474.0
10f48,110c8,5.0,25.0,4.0,9.0,0.0,0.0,1.0,2.0,2.0,0.0,1.0,17.0,3.0,1.0,1.0,2.0,15584.0
11444,10f50,2.0,9.0,2.0,4.0,0.0,0.0,0.0,1.0,1.0,0.0,0.0,6.0,2.0,0.0,0.0,1.0,6126.0
11444,10f68,3.0,15.0,4.0,6.0,0.0,0.0,0.0,1.0,2.0,0.0,1.0,10.0,2.0,1.0,0.0,1.0,9602.0
11444,110c8,4.0,23.0,4.0,9.0,0.0,0.0,1.0,1.0,2.0,0.0,1.0,16.0,3.0,1.0,1.0,1.0,12134.0
1697c,14510,5.0,41.0,6.0,4.0,0.0,0.0,2.0,0.0,3.0,0.0,0.0,26.0,13.0,0.0,2.0,0.0,827.0
1697c,14514,6.0,58.0,11.0,8.0,1.0,0.0,2.0,0.0,4.0,0.0,2.0,36.0,15.0,3.0,2.0,0.0,957.0
1697c,14610,7.0,62.0,12.0,10.0,1.0,0.0,2.0,1.0,4.0,0.0,2.0,39.0,15.0,3.0,2.0,1.0,1086.0
1697c,146d0,8.0,78.0,23.0,14.0,1.0,0.0,3.0,1.0,4.0,0.0,2.0,43.0,26.0,3.0,3.0,1.0,1216.0
1697c,16758,2.0,33.0,3.0,2.0,0.0,0.0,0.0,0.0,2.0,0.0,0.0,20.0,13.0,0.0,0.0,0.0,451.0
1697c,16310,3.0,35.0,3.0,3.0,0.0,0.0,1.0,0.0,2.0,0.0,0.0,21.0,13.0,0.0,1.0,0.0,553.0
1697c,16318,4.0,40.0,6.0,4.0,0.0,0.0,1.0,0.0,3.0,0.0,0.0,26.0,13.0,0.0,1.0,0.0,690.0
1697c,14778,9.0,82.0,23.0,14.0,3.0,0.0,4.0,1.0,4.0,0.0,2.0,45.0,26.0,4.0,4.0,1.0,1318.0
16758,14510,4.0,14.0,6.0,4.0,0.0,0.0,2.0,0.0,2.0,0.0,0.0,12.0,0.0,0.0,2.0,0.0,580.0
16758,14514,5.0,31.0,11.0,8.0,1.0,0.0,2.0,0.0,3.0,0.0,2.0,22.0,2.0,3.0,2.0,0.0,710.0
16758,14610,6.0,35.0,12.0,10.0,1.0,0.0,2.0,1.0,3.0,0.0,2.0,25.0,2.0,3.0,2.0,1.0,839.0
16758,146d0,7.0,51.0,23.0,14.0,1.0,0.0,3.0,1.0,3.0,0.0,2.0,29.0,13.0,3.0,3.0,1.0,969.0
16758,16310,2.0,8.0,3.0,3.0,0.0,0.0,1.0,0.0,1.0,0.0,0.0,7.0,0.0,0.0,1.0,0.0,306.0
16758,16318,3.0,13.0,6.0,4.0,0.0,0.0,1.0,0.0,2.0,0.0,0.0,12.0,0.0,0.0,1.0,0.0,443.0
16758,14778,8.0,55.0,23.0,14.0,3.0,0.0,4.0,1.0,3.0,0.0,2.0,31.0,13.0,4.0,4.0,1.0,1071.0
16758,14788,9.0,56.0,23.0,14.0,3.0,0.0,5.0,1.0,3.0,0.0,2.0,31.0,13.0,4.0,5.0,1.0,1208.0
13fcc,1505c,5.0,9.0,0.0,4.0,0.0,0.0,4.0,1.0,0.0,0.0,1.0,3.0,0.0,0.0,4.0,1.0,1043.0
13fcc,15034,4.0,7.0,0.0,3.0,0.0,0.0,3.0,1.0,0.0,0.0,1.0,2.0,0.0,0.0,3.0,1.0,863.0
13fcc,1420c,2.0,4.0,0.0,2.0,0.0,0.0,1.0,1.0,0.0,0.0,0.0,2.0,0.0,0.0,1.0,1.0,509.0
13fcc,15030,3.0,5.0,0.0,2.0,0.0,0.0,2.0,1.0,0.0,0.0,0.0,2.0,0.0,0.0,2.0,1.0,741.0
16710,14510,7.0,57.0,9.0,15.0,0.0,0.0,2.0,1.0,3.0,1.0,0.0,38.0,16.0,0.0,2.0,1.0,1278.0
16710,14514,8.0,74.0,14.0,19.0,1.0,0.0,2.0,1.0,4.0,1.0,2.0,48.0,18.0,3.0,2.0,1.0,1408.0
16710,14610,9.0,78.0,15.0,21.0,1.0,0.0,2.0,2.0,4.0,1.0,2.0,51.0,18.0,3.0,2.0,2.0,1537.0
16710,1697c,3.0,43.0,3.0,11.0,0.0,0.0,0.0,1.0,1.0,1.0,0.0,26.0,16.0,0.0,0.0,1.0,698.0
16710,16758,4.0,49.0,6.0,13.0,0.0,0.0,0.0,1.0,2.0,1.0,0.0,32.0,16.0,0.0,0.0,1.0,902.0
16710,16310,5.0,51.0,6.0,14.0,0.0,0.0,1.0,1.0,2.0,1.0,0.0,33.0,16.0,0.0,1.0,1.0,1004.0
16710,16318,6.0,56.0,9.0,15.0,0.0,0.0,1.0,1.0,3.0,1.0,0.0,38.0,16.0,0.0,1.0,1.0,1141.0
16710,16748,2.0,16.0,3.0,11.0,0.0,0.0,0.0,1.0,0.0,1.0,0.0,12.0,3.0,0.0,0.0,1.0,451.0
16748,14510,6.0,45.0,6.0,7.0,0.0,0.0,2.0,1.0,3.0,0.0,0.0,29.0,13.0,0.0,2.0,1.0,1031.0
16748,14514,7.0,62.0,11.0,11.0,1.0,0.0,2.0,1.0,4.0,0.0,2.0,39.0,15.0,3.0,2.0,1.0,1161.0
16748,14610,8.0,66.0,12.0,13.0,1.0,0.0,2.0,2.0,4.0,0.0,2.0,42.0,15.0,3.0,2.0,2.0,1290.0
16748,146d0,9.0,82.0,23.0,17.0,1.0,0.0,3.0,2.0,4.0,0.0,2.0,46.0,26.0,3.0,3.0,2.0,1420.0
16748,1697c,2.0,31.0,0.0,3.0,0.0,0.0,0.0,1.0,1.0,0.0,0.0,17.0,13.0,0.0,0.0,1.0,451.0
16748,16758,3.0,37.0,3.0,5.0,0.0,0.0,0.0,1.0,2.0,0.0,0.0,23.0,13.0,0.0,0.0,1.0,655.0
16748,16310,4.0,39.0,3.0,6.0,0.0,0.0,1.0,1.0,2.0,0.0,0.0,24.0,13.0,0.0,1.0,1.0,757.0
16748,16318,5.0,44.0,6.0,7.0,0.0,0.0,1.0,1.0,3.0,0.0,0.0,29.0,13.0,0.0,1.0,1.0,894.0
1420c,1505c,4.0,8.0,0.0,4.0,0.0,0.0,3.0,1.0,0.0,0.0,1.0,3.0,0.0,0.0,3.0,1.0,780.0
1420c,15034,3.0,6.0,0.0,3.0,0.0,0.0,2.0,1.0,0.0,0.0,1.0,2.0,0.0,0.0,2.0,1.0,600.0
1420c,15030,2.0,4.0,0.0,2.0,0.0,0.0,1.0,1.0,0.0,0.0,0.0,2.0,0.0,0.0,1.0,1.0,478.0
15030,1505c,3.0,5.0,0.0,2.0,0.0,0.0,3.0,0.0,0.0,0.0,1.0,1.0,0.0,0.0,3.0,0.0,534.0
15030,15034,2.0,3.0,0.0,1.0,0.0,0.0,2.0,0.0,0.0,0.0,1.0,0.0,0.0,0.0,2.0,0.0,354.0
14218,13ff0,2.0,11.0,0.0,5.0,0.0,0.0,1.0,1.0,0.0,0.0,3.0,4.0,2.0,0.0,1.0,1.0,326.0
